sample,time_s,raw_input,force_raw_lbf,force_zeroed_lbf,force_smoothed_lbf,torque_lbft,rpm,horsepower,torque_uncertainty_lbft,horsepower_uncertainty_hp
0,0.0,10.0,10.0,-2.3333,-2.3333,-2.3333,2000.0,-0.8886,0.2003,0.0764
1,0.5,12.0,12.0,-0.3333,-1.3333,-1.3333,2200.0,-0.5585,0.2001,0.0839
2,1.0,15.0,15.0,2.6667,-0.0,-0.0,2500.0,-0.0,0.2,0.0952
3,1.5,18.0,18.0,5.6667,2.6667,2.6667,2800.0,1.4217,0.2004,0.107
4,2.0,22.0,22.0,9.6667,6.0,6.0,3200.0,3.6558,0.2022,0.1238
5,2.5,26.0,26.0,13.6667,9.6667,9.6667,3600.0,6.626,0.2058,0.1422
6,3.0,30.0,30.0,17.6667,13.6667,13.6667,4000.0,10.4087,0.2114,0.1631
7,3.5,34.0,34.0,21.6667,17.6667,17.6667,4400.0,14.8007,0.2186,0.1862
8,4.0,38.0,38.0,25.6667,21.6667,21.6667,4800.0,19.802,0.2275,0.2119
9,4.5,42.0,42.0,29.6667,25.6667,25.6667,5200.0,25.4125,0.2376,0.2403
10,5.0,45.0,45.0,32.6667,29.3333,29.3333,5600.0,31.277,0.248,0.2703
